-- phpMyAdmin SQL Dump
-- version 5.2.3
-- https://www.phpmyadmin.net/
--
-- Servidor: 127.0.0.1:3306
-- Tiempo de generación: 10-06-2026 a las 05:30:33
-- Versión del servidor: 9.7.0
-- Versión de PHP: 8.3.28

SET SQL_MODE = "NO_AUTO_VALUE_ON_ZERO";
START TRANSACTION;
SET time_zone = "+00:00";


/*!40101 SET @OLD_CHARACTER_SET_CLIENT=@@CHARACTER_SET_CLIENT */;
/*!40101 SET @OLD_CHARACTER_SET_RESULTS=@@CHARACTER_SET_RESULTS */;
/*!40101 SET @OLD_COLLATION_CONNECTION=@@COLLATION_CONNECTION */;
/*!40101 SET NAMES utf8mb4 */;

--
-- Base de datos: `dbeducore`
--

-- --------------------------------------------------------

--
-- Estructura de tabla para la tabla `aniolectivo`
--

DROP TABLE IF EXISTS `aniolectivo`;
CREATE TABLE IF NOT EXISTS `aniolectivo` (
  `id_aniolectivo` bigint NOT NULL AUTO_INCREMENT,
  `anio` year NOT NULL,
  `fecha_inicio` date NOT NULL,
  `fecha_fin` date NOT NULL,
  `id_tipoperiodo` bigint NOT NULL,
  `estado` int NOT NULL DEFAULT '0',
  `vigente` tinyint NOT NULL DEFAULT '1',
  PRIMARY KEY (`id_aniolectivo`)
) ENGINE=InnoDB AUTO_INCREMENT=4 DEFAULT CHARSET=utf8mb4 COLLATE=utf8mb4_spanish_ci;

--
-- Volcado de datos para la tabla `aniolectivo`
--

INSERT INTO `aniolectivo` (`id_aniolectivo`, `anio`, `fecha_inicio`, `fecha_fin`, `id_tipoperiodo`, `estado`, `vigente`) VALUES
(1, '2026', '2026-03-09', '2026-12-18', 1, 1, 1),
(2, '2025', '2025-03-10', '2025-12-19', 2, 2, 1);

-- --------------------------------------------------------

--
-- Estructura de tabla para la tabla `asistencia`
--

DROP TABLE IF EXISTS `asistencia`;
CREATE TABLE IF NOT EXISTS `asistencia` (
  `id_asistencia` bigint NOT NULL AUTO_INCREMENT,
  `id_matricula` bigint NOT NULL,
  `fecha_asistencia` date NOT NULL,
  `hora_asistencia` time NOT NULL,
  `id_estasistencia` bigint NOT NULL,
  PRIMARY KEY (`id_asistencia`),
  KEY `id_matricula` (`id_matricula`)
) ENGINE=InnoDB DEFAULT CHARSET=utf8mb4 COLLATE=utf8mb4_spanish_ci;

-- --------------------------------------------------------

--
-- Estructura de tabla para la tabla `aula`
--

DROP TABLE IF EXISTS `aula`;
CREATE TABLE IF NOT EXISTS `aula` (
  `id_aula` bigint NOT NULL AUTO_INCREMENT,
  `id_grado` bigint NOT NULL,
  `id_nivel` bigint NOT NULL,
  `seccion_aula` varchar(50) CHARACTER SET utf8mb4 COLLATE utf8mb4_spanish_ci DEFAULT NULL,
  `vigente` tinyint NOT NULL DEFAULT '1',
  PRIMARY KEY (`id_aula`),
  KEY `id_grado` (`id_grado`),
  KEY `id_nivel` (`id_nivel`)
) ENGINE=InnoDB AUTO_INCREMENT=10 DEFAULT CHARSET=utf8mb4 COLLATE=utf8mb4_spanish_ci;

--
-- Volcado de datos para la tabla `aula`
--

INSERT INTO `aula` (`id_aula`, `id_grado`, `id_nivel`, `seccion_aula`, `vigente`) VALUES
(1, 1, 1, 'UNICA', 1),
(2, 2, 1, 'UNICA', 1),
(3, 3, 1, 'UNICA', 1),
(4, 4, 2, 'OSOS', 1),
(5, 5, 2, 'DELFINES', 1),
(6, 6, 2, 'JIRAFAS', 1),
(7, 7, 2, 'ABEJAS', 1),
(8, 8, 2, 'TIGRES', 1),
(9, 9, 2, 'LEONES', 1);

-- --------------------------------------------------------

--
-- Estructura de tabla para la tabla `aulalectiva`
--

DROP TABLE IF EXISTS `aulalectiva`;
CREATE TABLE IF NOT EXISTS `aulalectiva` (
  `id_aulalectiva` bigint NOT NULL AUTO_INCREMENT,
  `id_aula` bigint NOT NULL,
  `id_aniolectivo` bigint NOT NULL,
  `id_docente` bigint NOT NULL,
  `vigente` tinyint NOT NULL DEFAULT '1',
  PRIMARY KEY (`id_aulalectiva`),
  KEY `id_aula` (`id_aula`),
  KEY `id_aniolectivo` (`id_aniolectivo`),
  KEY `id_docente` (`id_docente`)
) ENGINE=InnoDB DEFAULT CHARSET=utf8mb4 COLLATE=utf8mb4_spanish_ci;

-- --------------------------------------------------------

--
-- Estructura de tabla para la tabla `docente`
--

DROP TABLE IF EXISTS `docente`;
CREATE TABLE IF NOT EXISTS `docente` (
  `id_docente` bigint NOT NULL AUTO_INCREMENT,
  `id_tipodocumento` bigint NOT NULL,
  `doc_docente` varchar(20) CHARACTER SET utf8mb4 COLLATE utf8mb4_spanish_ci NOT NULL,
  `nom_docente` varchar(150) CHARACTER SET utf8mb4 COLLATE utf8mb4_spanish_ci NOT NULL,
  `dir_docente` varchar(255) CHARACTER SET utf8mb4 COLLATE utf8mb4_spanish_ci NOT NULL,
  `email_docente` varchar(100) CHARACTER SET utf8mb4 COLLATE utf8mb4_spanish_ci NOT NULL,
  `tel_docente` varchar(20) CHARACTER SET utf8mb4 COLLATE utf8mb4_spanish_ci NOT NULL,
  `id_cargo` bigint NOT NULL,
  `id_tipocontrato` bigint NOT NULL,
  `vigente` tinyint NOT NULL DEFAULT '1',
  PRIMARY KEY (`id_docente`),
  KEY `id_tipocontrato` (`id_tipocontrato`),
  KEY `id_cargo` (`id_cargo`)
) ENGINE=InnoDB AUTO_INCREMENT=2 DEFAULT CHARSET=utf8mb4 COLLATE=utf8mb4_spanish_ci;

--
-- Volcado de datos para la tabla `docente`
--

INSERT INTO `docente` (`id_docente`, `id_tipodocumento`, `doc_docente`, `nom_docente`, `dir_docente`, `email_docente`, `tel_docente`, `id_cargo`, `id_tipocontrato`, `vigente`) VALUES
(1, 1, '70244642', 'YIN YIRENA QUINTANA ORE', 'LIMA 700', 'YIN.YIRENA0409@GMAIL.COM', '964702287', 1, 2, 1);

-- --------------------------------------------------------

--
-- Estructura de tabla para la tabla `estudiante`
--

DROP TABLE IF EXISTS `estudiante`;
CREATE TABLE IF NOT EXISTS `estudiante` (
  `id_estudiante` bigint NOT NULL AUTO_INCREMENT,
  `id_tipodocumento` bigint NOT NULL,
  `doc_estudiante` varchar(20) CHARACTER SET utf8mb4 COLLATE utf8mb4_spanish_ci NOT NULL,
  `nom_estudiante` varchar(100) CHARACTER SET utf8mb4 COLLATE utf8mb4_spanish_ci NOT NULL,
  `apa_estudiante` varchar(50) CHARACTER SET utf8mb4 COLLATE utf8mb4_spanish_ci NOT NULL,
  `ama_estudiante` varchar(50) CHARACTER SET utf8mb4 COLLATE utf8mb4_spanish_ci NOT NULL,
  `fecha_nacimiento` date NOT NULL,
  `id_sexo` bigint NOT NULL,
  `qr_estudiante` varchar(100) CHARACTER SET utf8mb4 COLLATE utf8mb4_spanish_ci DEFAULT NULL,
  `nom_apoderado` varchar(150) CHARACTER SET utf8mb4 COLLATE utf8mb4_spanish_ci NOT NULL,
  `tel_apoderado` varchar(20) CHARACTER SET utf8mb4 COLLATE utf8mb4_spanish_ci DEFAULT NULL,
  `vigente` tinyint NOT NULL DEFAULT '1',
  PRIMARY KEY (`id_estudiante`),
  KEY `id_sexo` (`id_sexo`),
  KEY `id_tipodocumento` (`id_tipodocumento`)
) ENGINE=InnoDB AUTO_INCREMENT=210 DEFAULT CHARSET=utf8mb4 COLLATE=utf8mb4_spanish_ci;

--
-- Volcado de datos para la tabla `estudiante`
--

INSERT INTO `estudiante` (`id_estudiante`, `id_tipodocumento`, `doc_estudiante`, `nom_estudiante`, `apa_estudiante`, `ama_estudiante`, `fecha_nacimiento`, `id_sexo`, `qr_estudiante`, `nom_apoderado`, `tel_apoderado`, `vigente`) VALUES
(1, 1, '92771364', 'SOLEY YASURI', 'AQUINO', 'QUISPE', '2022-02-24', 2, NULL, 'SONIA HILDA QUISPE CESAR', '964043125', 1),
(2, 1, '93187158', 'SOFIA KEYMI', 'BRAÑEZ', 'TOVAR', '2022-12-20', 2, NULL, 'KERLY ROSMERY TOVAR AGUILA', '954038795', 1),
(3, 1, '92636574', 'MATHIUS DREIK', 'CHAVEZ', 'ESPINOZA', '2021-11-22', 1, NULL, 'ERIKA YASMIN ESPINOZA HUACHO', '901881646', 1),
(4, 1, '92408178', 'AHITANA HARELY', 'CHUSI', 'FERNANDEZ', '2021-06-14', 2, NULL, 'ROSMERY FERNANDEZ CUSI', '979020599', 1),
(5, 1, '92766408', 'DANIEL ALONZO', 'CONTRERAS', 'CACSIRE', '2022-02-20', 1, NULL, 'ANALI DELIA CACSIRE VILCA', '970000224', 1),
(6, 1, '92584233', 'SIGRID ALESSIA', 'COSME', 'MORENO', '2021-10-15', 2, NULL, 'SIGRID ASHLEY MORENO NUÑEZ', '935160129', 1),
(7, 1, '92617732', 'DERECK IKER', 'ESPINOZA', 'ROJAS', '2021-11-09', 1, NULL, 'ROSMERY ROJAS SALAZAR', '929314570', 1),
(8, 1, '92813455', 'ALISHA ALANNA', 'FLORES', 'CRISÓSTOMO', '2022-03-23', 2, NULL, 'EDITH GIOVANNA CRISÓSTOMO NEYRA', '974249919', 1),
(9, 1, '92792443', 'LOGAN BENJAMIN', 'INGA', 'ESPINOZA', '2022-03-10', 1, NULL, 'JUDITH KARINA ESPINOZA MALPARTIDA', '943149264', 1),
(10, 1, '92774501', 'LEONARDO RAFAEL', 'LEYVA', 'OLIVERA', '2022-02-26', 1, NULL, 'LILIANA OLIVERA VILLA', '964913921', 1),
(11, 1, '92644812', 'SAYUMY JHADE', 'LIMACHE', 'DORREGARAY', '2021-11-28', 2, NULL, 'ADELA MARLENE DORREGARAY PASTRANA', '931597091', 1),
(12, 1, '80718015', 'IAN PAUL', 'NINALAYA', 'HUARCAYA', '2021-06-03', 1, NULL, 'SANDRA LIZ HUARCAYA ASTO', '', 1),
(13, 1, '92329593', 'MÍA GAELA', 'PAREDES', 'SARAVIA', '2021-04-23', 2, NULL, 'DORIS SARAVIA VENEGAS', '947017861', 1),
(14, 1, '92680953', 'KYLIAN', 'RAMOS', 'MAYTA', '2021-12-24', 1, NULL, 'YASMIN DEISY MAYTA FLORES', '994702569', 1),
(15, 1, '92676999', 'ALISSON ZULEDEY', 'RICRA', 'GARCÍA', '2021-12-19', 2, NULL, 'MARIA JUANA GARCIA HINOSTROZA', '966573627', 1),
(16, 1, '92361877', 'LUCIANA MELISSA', 'ROMERO', 'HUAMAN', '2021-05-16', 2, NULL, 'MARILYN MELISSA HUAMAN GASPAR', '912439396', 1),
(17, 1, '92366778', 'AVIANNA MINRRE', 'VILLALOBOS', 'GUTIERREZ', '2021-05-20', 2, NULL, 'VANESSA GUTIERREZ SOCUALAYA', '954958870', 1),
(18, 1, '92461704', 'THIAGO ADRIEL', 'CARMEN', 'HUAROC', '2021-07-23', 1, NULL, 'ELIZABETH HUAROC OLIVERA', '933365070', 1),
(19, 1, '92665275', 'SABRINA SAMANTHA', 'HUANUCO', 'QUISPE', '2021-12-12', 2, NULL, 'LUZ NERY QUISPE ÑAUPARI', '945989437', 1),
(20, 1, '92553991', 'ANGEL MATEO', 'QUILCA', 'NUÑEZ', '2021-09-24', 1, NULL, 'CLENIDA MELECIA NUÑEZ MIGUEL', '969164290', 1),
(21, 1, '92536873', 'BRIANNA ALESSIA', 'MEZA', 'ENRIQUEZ', '2021-09-13', 2, NULL, 'DIANA ENRIQUEZ HUARANCCA', '921670383', 1),
(22, 1, '91823940', 'MÍA KALESY', 'CAMAVILCA', 'TORIBIO', '2020-04-21', 2, NULL, 'ROXANA CELIA TORIBIO FERNÁNDEZ', '958244248', 1),
(23, 1, '81922896', 'EIMY MAZZIEL', 'CASAMONA', 'BRUSEL', '2020-06-22', 2, NULL, 'LILIANA BRUSEL YARANGA', '', 1),
(24, 1, '91846267', 'SHAMIRY VALENTINA', 'CHARREZ', 'GONZALES', '2020-05-09', 2, NULL, 'NOEMÍ GONZALES PARCCO', '945687785', 1),
(25, 1, '91926883', 'DYLAND ELI', 'CONTRERAS', 'SOLETO', '2020-07-12', 1, NULL, 'SOTELO APOLINARIO CELIA LUZ', '929809269', 1),
(26, 1, '91986824', 'LIANA GAELA', 'CURO', 'FLORES', '2020-08-25', 2, NULL, 'MARÍA ISABEL FLORES GUTIERREZ', '996550446', 1),
(27, 1, '91835892', 'ROOSE ALEXIA', 'DE', 'HUAMANI', '2020-05-01', 2, NULL, 'SONIA FELICIA HUAMANI OSCO', '955202013', 1),
(28, 1, '91987145', 'ISAID YADIEL', 'DE LA CRUZ', 'ARANA', '2020-08-25', 1, NULL, 'YUMIRA ZORAIDA ARANA ACUÑA', '978014180', 1),
(29, 1, '92106795', 'LIAM GABRIEL', 'DIAZ', 'GUILLERMO', '2020-11-12', 1, NULL, 'JESSICA GABRIELA GUILLERMO YANTAS', '987134668', 1),
(30, 1, '92000123', 'RIHANNA MARICARMEN', 'DIEGO', 'LAZO', '2020-09-03', 2, NULL, 'ANDREA CELESTE LAZO MEZA', '998817672', 1),
(31, 1, '91999723', 'ANTONELLA SHERELY', 'HERRERA', 'ORTEGA', '2020-09-03', 2, NULL, 'DAYSI REYDA ORTEGA ALBINO', '964880030', 1),
(32, 1, '92196252', 'YAIDER JEFFREY', 'HUACHO', 'CHÁVEZ', '2021-01-17', 1, NULL, 'FLOR CHÁVEZ JANAMPA', '930938700', 1),
(33, 1, '91940609', 'GAEL FABRIZIO', 'HUAMAN', 'CARHUAPOMA', '2020-07-22', 1, NULL, 'SANDY CARHUAPOMA RAMOS', '969941878', 1),
(34, 1, '92134636', 'MIA VALENTINA', 'HUIZA', 'CANO', '2020-11-30', 2, NULL, 'DENESSI CANO CAMPOS', '903171988', 1),
(35, 1, '92237822', 'HEIDY KAREN', 'MALLQUI', 'NUÑEZ', '2021-02-03', 2, NULL, 'FLAVIA KETY NUÑEZ MIGUEL', '926558022', 1),
(36, 1, '92006248', 'MATEO RENATO', 'MALPARTIDA', 'VALVERDE', '2020-09-05', 1, NULL, 'CECILIA PAOLA VALVERDE ARIAS', '950909947', 1),
(37, 1, '91901305', 'HANNY ROUSSE', 'PAREDES', 'SOLIER', '2020-06-22', 2, NULL, 'KATHERIN MARIBEL SOLIER SALOME', '924371974', 1),
(38, 1, '92169121', 'ROSANGELA ESTRELLA', 'PIÑAS', 'QUISPE', '2020-12-25', 2, NULL, 'NOEMI YAMILE QUISPE OSORIO', '925919748', 1),
(39, 1, '92153688', 'JAMES CHARLES', 'RIVERA', 'ESPINOZA', '2020-12-12', 1, NULL, 'LIZ SANDRA ESPINOZA VILLEGAS', '968890538', 1),
(40, 1, '91850342', 'JAMILETH JUDITH', 'RIVERA', 'VILCHEZ', '2020-05-12', 2, NULL, 'JUDITH VILCHEZ BRUNO', '976734598', 1),
(41, 1, '91851297', 'LIAM ALONSO', 'SANABRIA', 'DAGA', '2020-05-11', 1, NULL, 'RAQUEL LEONOR DAGA TENICELA', '954099102', 1),
(42, 1, '91941153', 'DANIELA ALESSIA', 'SEGURA', 'GUILLERMO', '2022-07-22', 2, NULL, 'ROSMERY VIVIANA GUILLERMO YANTAS', '985713707', 1),
(43, 1, '91943013', 'JACOB GAEL', 'TAPARA', 'CHURAMPI', '2020-07-24', 1, NULL, 'KATHERINE MARGARITA  CHURAMPI GÓMEZ', '976434557', 1),
(44, 1, '91887914', 'RAFAEL ANÍBAL', 'VILLAR', 'ARROYO', '2020-06-11', 1, NULL, 'IRIS SOLEDAD ARROYO UNCHUPAICO', '941343735', 1),
(45, 1, '92271385', 'GERARD EDISON', 'MENDEZ', 'SULCA', '2021-03-14', 1, NULL, 'REBECA SULCA CANCHANYA', '940952924', 1),
(46, 1, '91997936', 'DANIA ARATZA', 'ROMERO', 'ALEJO', '2020-09-02', 2, NULL, 'BELIZA ALEJO CUNYAS', '958253722', 1),
(47, 1, '92282914', 'FERNANDO JOSÉ', 'MIGUEL', 'MARTINEZ', '2021-03-22', 1, NULL, 'ELIDA MARTINEZ CAYETANO', '947604444', 1),
(48, 1, '91513628', 'JAZMIN VALERIA', 'BRAÑEZ', 'TOVAR', '2019-09-21', 2, NULL, 'KERLY ROSMERY TOVAR AGUILA', '954038795', 1),
(49, 1, '91354749', 'JONATHAN MATTHEW', 'CHUMBE', 'ONOFRE', '2019-05-25', 1, NULL, 'LOURDES MARISOL ONOFRE HUAMANI', '938239277', 1),
(50, 1, '91267396', 'ARIANA ALISON', 'COCA', 'FERNANDEZ', '2019-04-03', 2, NULL, 'EDITH MARLENI FERNANDEZ CUSI', '958151339', 1),
(51, 1, '91431906', 'HADASSA ANJELI', 'GRADOS', 'UGARTE', '2019-07-28', 2, NULL, 'BEATRIZ UGARTE JAVIER', '931183386', 1),
(52, 1, '91679414', 'ABDIL BARTOLOMEO', 'IDELFONSO', 'ESPINOZA', '2020-01-13', 1, NULL, 'EDITH FELIPA ESPINOZA MALPARTIDA', '940364997', 1),
(53, 1, '91541702', 'LYANA ILLARI', 'JAUREGUI', 'TELLO', '2019-10-04', 2, NULL, 'PAULA JESUS TELLO SOTO', '982341002', 1),
(54, 1, '91228105', 'ROBERT ALEXANDER', 'LEYVA', 'OLIVERA', '2019-02-16', 1, NULL, 'LILIANA OLIVERA VILLA', '964913921', 1),
(55, 1, '91537873', 'ARLET VALERIA', 'LIMAYLLA', 'SOLORZANO', '2019-10-10', 2, NULL, 'SHAKIRA SUJEY SOLORZANO VICHARRA', '962607480', 1),
(56, 1, '91715511', 'GAEL OLIVER', 'MAITA', 'ROJAS', '2020-02-06', 1, NULL, 'MILINDA DELIA ROJAS PAEZ', '904017470', 1),
(57, 1, '91575844', 'ARIADNA', 'MARALLANO', 'ANCCASI', '2019-10-04', 2, NULL, 'MILAR MELIZA ANCCASI ESPINOZA', '915397035', 1),
(58, 1, '91423227', 'HANS RUSBEL', 'OSORIO', 'CERRON', '2019-07-15', 1, NULL, 'JANETH CERRON HUAYNARUPAY', '920076129', 1),
(59, 1, '91787908', 'IKER CALEF', 'PARIONA', 'ORELLANA', '2020-03-24', 1, NULL, 'ZARA ORELLANA REYES', '934777383', 1),
(60, 1, '91345062', 'CARLOS MATEO', 'PEREZ', 'ORDOÑEZ', '2019-05-05', 1, NULL, 'MARISABEL BRIGHIT ORDOÑEZ MARIN', '977796322', 1),
(61, 1, '91254844', 'EYTHAN', 'PEREZ', 'QUISPE', '2019-03-30', 1, NULL, 'MARY LUZ QUISPE SOLIER', '926826660', 1),
(62, 1, '91323836', 'KATSUMI SOFÍA', 'QUISPE', 'CHÁVEZ', '2019-05-13', 2, NULL, 'NORMA CHÁVEZ JANAMPA', '929136888', 1),
(63, 1, '93126657', 'SAYURI SARAI', 'QUISPE', 'CURO', '2019-05-11', 2, NULL, 'LUZ MARIA CURO ESCOBAR', '931828750', 1),
(64, 1, '91284524', 'DAQUIES', 'QUISPE', 'VELIZ', '2019-04-20', 1, NULL, 'MARIBEL LUZ VELIZ BORQUEZ', '938967999', 1),
(65, 1, '91436661', 'ZAIR IZAN', 'RAMOS', 'GAVILÁN', '2019-08-01', 1, NULL, 'MARIA GAVILAN QUINTO', '944832986', 1),
(66, 1, '91382905', 'DANNA SOPHIE', 'ROJAS', 'PAULINO', '2019-06-06', 2, NULL, 'SOLEDAD PAULINO HUAYAS', '953611485', 1),
(67, 1, '91445857', 'RAPHAELLA', 'ROMAN', 'MAGRO', '2019-07-20', 2, NULL, 'RITA PAOLA MAGRO PORRAS', '998386762', 1),
(68, 1, '91374200', 'JEANPIER JUAN', 'SANABRIA', 'MUÑOS', '2019-06-18', 1, NULL, 'NORLY NANCY MUÑOZ REFULIO', '916995966', 1),
(69, 1, '91657004', 'SERGIO SAMIR', 'TORRES', 'CARHUAZ', '2019-12-29', 1, NULL, 'PILAR HAYDEE CARHUAZ URCON', '942453793', 1),
(70, 1, '91267332', 'CRISTINA PATRICIA', 'VARGAS', 'MONTAÑEZ', '2019-04-04', 2, NULL, 'CARLA PATRICIA MONTAÑEZ ARTICA', '949999273', 1),
(71, 1, '91623956', 'ALESSIA BERENICE', 'YANGALI', 'ZEVALLOS', '2019-12-06', 2, NULL, 'SUSANA LUZ ZEVALLOS HUAYCAMA', '925975878', 1),
(72, 1, '91313979', 'YUMI SADASHI', 'YARINGAÑO', 'CERRON', '2019-05-07', 2, NULL, 'ELISABETH HERMELINDA CERRON HUAMAN', '970138414', 1),
(73, 1, '91751139', 'EMELY CATALEYA', 'SANABRIA', 'GOMEZ', '2020-02-28', 2, NULL, 'NANCY YOVANA GOMEZ SALOME', '902268556', 1),
(74, 1, '91428653', 'ARIANNA SANYORI', 'FLORES', 'MORALES', '2019-07-21', 2, NULL, 'ELIZABETH YANINA MORALES ALVAREZ', '985474521', 1),
(75, 1, '91449671', 'AMIR KENNEDY', 'FERNÁNDEZ', 'BALVIN', '2019-08-10', 1, NULL, 'DANAY BERLIZ BALVIN HUAMAN', '912612784', 1),
(76, 1, '91528505', 'MAKORY SDENKA', 'MONTAÑEZ', 'ZANABRIA', '2019-10-03', 2, NULL, 'ANA PAULA ZANABRIA HUAMANSUPA', '984538479', 1),
(77, 1, '91329744', 'GUMUS FERNANDA', 'GAMARRA', 'RUIZ', '2019-05-18', 2, NULL, 'GABRIELA RUIZ GAMARRA', '918410578', 1),
(78, 1, '90815265', 'STEYSI JASMIN', 'ALIAGA', 'SOLTELO', '2018-06-07', 2, NULL, 'SOTELO JIMENEZ LIZETH JASMIN', '904893982', 1),
(79, 1, '90846997', 'ZHAMYRA ITHSEL', 'BAUTISTA', 'DAGA', '2018-06-20', 2, NULL, 'KELLY MARIELA DAGA TREJO', '970525013', 1),
(80, 1, '90787320', 'BRIANA YULIET', 'CAISAHUANA', 'ROSADO', '2018-05-20', 2, NULL, 'SENIA JENNY ROSADO ROJAS', '952876296', 1),
(81, 1, '90389716', 'MÍA ANTONELLA', 'COCA', 'RIOS', '2017-09-02', 2, NULL, 'STHID JULIETA RÍOS PEZO', '923809484', 1),
(82, 1, '90903449', 'EMMA VALENTINA', 'CONTRERAS', 'CACSIRE', '2018-07-24', 2, NULL, 'ANALI DELIA CACSIRE VILCA', '970000224', 1),
(83, 1, '90752689', 'JESÚS ANTONIO', 'CORDOVA', 'QUINTEROS', '2018-04-28', 1, NULL, '', '', 1),
(84, 1, '90773407', 'DAPHNE SOPHIA', 'CORONADO', 'REYES', '2018-05-13', 2, NULL, 'ANGELA EDITH REYES ROJAS', '910616403', 1),
(85, 1, '91234634', 'MIA DALESKA', 'FERNÁNDEZ', 'BARONA', '2019-03-10', 1, NULL, 'JENNY EDITH BARONA HUANCAYA', '970592812', 1),
(86, 1, '91243318', 'KALESSI YAMILET', 'GRANADOS', 'ARREDONDO', '2019-03-21', 2, NULL, 'ARREDONDO CONDOR CELESTINA HILDA', '932285647', 1),
(87, 1, '91213224', 'SIA ELMA', 'GRANADOS', 'SALOME', '2019-02-28', 2, NULL, '  MARÍA DEL PILAR SALOMÉ GARCIA', '940202100', 1),
(88, 1, '91078247', 'EMILIA MARIAFE', 'INGA', 'ESPINOZA', '2018-11-16', 2, NULL, 'JUDITH KARINA ESPINOZA MALPARTIDA', '943149264', 1),
(89, 1, '90787758', 'SNEIJDER JHEREMY', 'LIMACHE', 'DORREGARAY', '2018-05-06', 1, NULL, 'ADELA MARLENE DORREGARAY PASTRANA', '931597091', 1),
(90, 1, '90961182', 'THAISA MILY', 'MARCHÁN', 'TADEO', '2018-08-10', 2, NULL, 'TADEO VARGAS LESLIE MILAGROS', '928463708', 1),
(91, 1, '91170502', 'SOFIA GISEL', 'MISAYAURI', 'PARIAN', '2019-01-30', 2, NULL, 'PILAR PARIAN COSSIO', '923543690', 1),
(92, 1, '91179047', 'SANTIAGO', 'PABLO', 'DÁVILA', '2019-02-07', 1, NULL, 'MIRIAM NAYARIK DÁVILA VARGAS', '917365817', 1),
(93, 1, '90761460', 'YANNICK MIULLER', 'RAMIREZ', 'CUYUBAMBA', '2018-04-29', 1, NULL, 'SHERLY CUYUBAMBA CASO', '956932507', 1),
(94, 1, '90814270', 'SEBASTIAN AXEL', 'RAMOS', 'LOBO', '2018-06-07', 1, NULL, 'KATHERINE KELY LOBO RAFAEL', '997467630', 1),
(95, 1, '90960546', 'KHALEESYA GAELA', 'RIVERA', 'ESPINOZA', '2018-09-14', 2, NULL, 'LIZ SANDRA ESPINOZA VILLEGAS', '968890538', 1),
(96, 1, '91195437', 'GEORGINA NICOL', 'SALCEDO', 'FERNÁNDEZ', '2019-02-09', 2, NULL, 'YESENIA FERNÁNDEZ CUSI', '936362375', 1),
(97, 1, '90774331', 'ADRIEL YEREMY', 'SÁNCHEZ', 'DELGADILLO', '2018-05-13', 1, NULL, 'MARIELA DELGADILLO MURILLO', '994369916', 1),
(98, 1, '91222945', 'HANNA VICTORIA', 'TAPULLIMA', 'CRISÓSTOMO', '2019-03-10', 2, NULL, 'EDITH GIOVANNA CRISÓSTOMO', '974249919', 1),
(99, 1, '90827257', 'VALENTINO FACUNDO', 'TAYPE', 'PAITAN', '2018-06-05', 1, NULL, 'JACKELINE PAITAN SALOME', '921196538', 1),
(100, 1, '90952582', 'IAM EDRICK', 'VILCA', 'TORRES', '2018-07-14', 1, NULL, 'KEYLA JHANNELA TORRES ZUÑIGA', '', 1),
(101, 1, '91062259', 'MILDRED BRIANA', 'VILLA', 'PORRAS', '2018-11-19', 2, NULL, 'DIANA CECILIA PORRAS  MAUROLAGOITIA', '938581622', 1),
(102, 1, '90990219', 'SOPHIE KEITH', 'ZAPATA', 'SINCHE', '2018-10-03', 2, NULL, 'KETTY SINCHE TIRRES', '948934304', 1),
(103, 1, '80736637', 'YUSBELY MELUDY', 'ROMERO', 'ALEJO', '2017-09-12', 2, NULL, 'BELIZA ALEJO CUNYAS.', '958253722', 1),
(104, 1, '90486900', 'VALENTINA LUHANA', 'ARANCIBIA', 'RAMOS', '2017-10-12', 2, NULL, 'KATHERINE YADIRA RAMOS SURICHAQUI', '953502987', 1),
(105, 1, '90180991', 'KHALEESY BEATRIZ', 'BENAVENTE', 'SALAZAR', '2017-04-19', 2, NULL, 'BEATRIZ SALAZAR TAPIA', '929231106', 1),
(106, 1, '90504781', 'ARIANA RUTH', 'CCORIÑUPA', 'SULLCA', '2017-09-26', 2, NULL, 'RUTH SULLCA RAMOS', '903480540', 1),
(107, 1, '90386216', 'JYAN ISAI', 'CURO', 'DE LA CRUZ', '2017-09-03', 1, NULL, 'NANCY DE LA CRUZ QUISPE', '959764114', 1),
(108, 1, '90114460', 'CAMIL ADRIANO', 'ESTRADA', 'ROCA', '2017-03-07', 1, NULL, 'MILAGROS MAYDU DE LA ROCA MUCHA', '961629903', 1),
(109, 1, '90251067', 'ANNABETH PRISCILA', 'FLORES', 'MORALES', '2017-06-01', 2, NULL, 'ELIZABETH YANINA MORALES ALVAREZ', '985474521', 1),
(110, 1, '90179053', 'ZHOEMI PAOLA', 'GARCÍA', 'COSME', '2025-04-08', 2, NULL, 'ZARELA PAOLA GARCÍA COSME', '', 1),
(111, 1, '90413780', 'ANDRE ZHAIR', 'GONZALES', 'CAMAYO', '2017-09-15', 1, NULL, 'KELLY CAMAYO QUISPE', '961611644', 1),
(112, 1, '90612868', 'STEVEN ADRIANO', 'GRANADOS', 'PARIACHI', '2018-02-03', 1, NULL, 'DIANA PARIACHI PORTOCARRERO', '942320268', 1),
(113, 1, '90631396', 'JULIO CESAR', 'GUTIERREZ', 'CARDENAS', '2018-02-09', 1, NULL, 'EDITH YUDE CARDENAS CANGAYA', '921009628', 1),
(114, 1, '90287595', 'NICOLE GABRIELA', 'HUAMAN', 'TOVAR', '2017-06-08', 2, NULL, 'KELY ROSARIO TOVAR AGUILA', '969036095', 1),
(115, 1, '90670358', 'SANTIAGO GAEL', 'HUANUCO', 'PEREZ', '2018-03-11', 1, NULL, 'PEREZ ADAUTO NATALY MILAGROS', '965375432', 1),
(116, 1, '90680095', 'DYLAN THIAGO', 'MANTURANO', 'HUANAY', '2018-01-20', 1, NULL, 'CATHERY CAROL HUANAY GAVILAN', '913707526', 1),
(117, 1, '90471099', 'DIEGO ELIAM', 'MAYTA', 'MIRANDA', '2017-10-26', 1, NULL, 'MIRNA DIAMER MIRANDA MUGURUZA', '904259648', 1),
(118, 1, '90349818', 'LUCIANA ALONDRA', 'MENDEZ', 'SULCA', '2017-08-07', 2, NULL, 'REBECA SULCA CANCHANYA', '940952924', 1),
(119, 1, '90445727', 'THIAGO LUCIANO', 'PAREDES', 'CRUZ', '2017-10-10', 1, NULL, 'SHARON CRUZ CUESTAS', '935320756', 1),
(120, 1, '90676869', 'JHOAN ALEXIS', 'PEÑA', 'SOLIER', '2018-02-22', 1, NULL, 'KEMNER SOLIER SALOMÉ', '912447980', 1),
(121, 1, '90252008', 'CAMILA', 'PUNTAY', 'UGARTE', '2017-05-29', 2, NULL, 'SARITA ANGELITA UGARTE JAVIER', '963701749', 1),
(122, 1, '90640433', 'KALESSI LIA', 'QUISPE', 'SANABRIA', '2018-02-19', 2, NULL, 'SADITH SANABRIA RIOS', '970488900', 1),
(123, 1, '90179964', 'BRIAN MARCK', 'REYES', 'ZURITA', '2017-04-19', 1, NULL, 'ROSMARY ZURITA MANDUJANO', '919558000', 1),
(124, 1, '90414995', 'LIA ESTRELLA', 'SALGADO', 'SOTELO', '2017-09-13', 2, NULL, 'GABRIELA LUCERO SOTELO JIMENEZ', '990182598', 1),
(125, 1, '90680687', 'ADRIÁN RODRIGO', 'SANABRIA', 'PEINADO', '2018-03-06', 1, NULL, 'JULISA PEINADO BAUTISTA', '963528977', 1),
(126, 1, '90521599', 'DOMINICK DYLAN', 'SOTELO', 'JIMENEZ', '2017-11-12', 1, NULL, 'JENNIFFER PATRICIA SOTELO JIMENEZ', '961477648', 1),
(127, 1, '90280976', 'ALEJANDRA SOFÍA', 'TORRES', 'GAMARRA', '2017-06-20', 2, NULL, 'ARAZZELY XIOMARA GAMARRA ALIAGA', '985999953', 1),
(128, 1, '90567446', 'GIANNA TAHI', 'TORRES', 'ORTIZ', '2018-01-05', 2, NULL, 'KAREN IVONNE ORTIZ PACHECO', '921908513', 1),
(129, 1, '90360801', 'GAEL NEIL', 'YARANGA', 'CRUZ', '2017-07-26', 1, NULL, 'ERIKA DE LA CRUZ CHOCCA', '920618560', 1),
(130, 1, '90480500', 'THIAGO RONALDO', 'ZEVALLOS', 'LÓPEZ', '2017-11-03', 1, NULL, 'JESICA GLADYS LÓPEZ ALLPOC', '943504741', 1),
(131, 1, '90544226', 'SNAIDER DYLAN', 'ROJAS', 'HUAMANI', '2017-11-23', 1, NULL, 'DIANA SOLEDAD HUAMANI USCO', '967170581', 1),
(132, 1, '79793280', 'YENNER ANDRES', 'AQUINO', 'QUISPE', '2016-08-04', 1, NULL, 'QUISPE CESAR SONIA HILDA', '964043125', 1),
(133, 1, '90073698', 'JUAN PABLO', 'CANCHANYA', 'GUTIERREZ', '2017-02-14', 1, NULL, 'VANESSA GUTIERREZ SOCUALAYA', '954958870', 1),
(134, 1, '79898955', 'DYLAN', 'CARHUALLANQUI', 'MANDUJANO', '2016-10-15', 1, NULL, 'MANDUJANO PONCE GEOVANA JHEYMI', '945163857', 1),
(135, 1, '90098742', 'MATHIAS FERNANDO', 'CASTILLO', 'CRISTOBAL', '2017-02-20', 1, NULL, 'ROSA DEYCE CRISTOBAL TORRES', '983413391', 1),
(136, 1, '90041152', 'DYLAN THIAGO', 'DE LA CRUZ', 'YARANGA', '2017-01-23', 1, NULL, 'GADY YARANGA CUSI', '969260961', 1),
(137, 1, '79631141', 'REYK JHADIEL', 'GRANADOS', 'PARIACHI', '2016-04-19', 1, NULL, 'DIANA PARIACHI PORTOCARRERO', '942320268', 1),
(138, 1, '90132859', 'ALESSIA VALENTINA MARJORIE', 'HUALLPA', 'TORIBIO', '2017-03-06', 2, NULL, 'JESSICA TORIBIO MAYTA', '920073723', 1),
(139, 1, '79849426', 'ADRIÁN MATÍAS', 'HUAYNAMARCA', 'NOLASCO', '2016-09-12', 1, NULL, 'MARTHA MILAGROS NOLASCO DIONISIO', '929010675', 1),
(140, 1, '79852999', 'RAFAELA KORAL', 'INGA', 'QUISPE', '2016-09-13', 2, NULL, 'JULY RUTH QUISPE ROSALES', '955494566', 1),
(141, 1, '79622719', 'ALBERT AUGUST', 'LEYVA', 'OLIVERA', '2016-04-04', 1, NULL, 'LILIANA OLIVERA VILLA', '964913921', 1),
(142, 1, '79802388', 'ALONDRA MASIEL', 'PEREZ', 'APOLINARIO', '2016-07-14', 2, NULL, 'JESICA LUZ APOLINARIO PEREZ', '976671339', 1),
(143, 1, '79982896', 'ERMES AUSTIN', 'POMAYAY', 'BUSTAMANTE', '2016-12-13', 1, NULL, 'WENDY ESTEFANI BUSTAMANTE CÁRDENAS', '985365223', 1),
(144, 1, '90000577', 'EMANUEL ANTONIO', 'PONCE', 'BUSTILLOS', '2016-12-28', 1, NULL, 'GIOVANNA BUSTILLOS ANDRADE', '968571470', 1),
(145, 1, '79700579', 'ESTHER BRIHANA', 'QUISPE', 'CURO', '2016-06-05', 2, NULL, 'LUZ MARIA CURO ESCOBAR', '931828750', 1),
(146, 1, '79896523', 'DEMPSEY FABINHO', 'RAMÍREZ', 'CUYUBAMBA', '2016-10-13', 1, NULL, 'SHERLY CUYUBAMBA CASO', '956932507', 1),
(147, 1, '81685226', 'KYARA ISABELLA', 'RODRIGUEZ', 'ARCA', '2016-08-26', 2, NULL, 'SOLEDAD RUTH ARCA SALAZAR', '957413427', 1),
(148, 1, '90107637', 'EVANS ADRIANO', 'SULLCA', 'TORIBIO', '2017-03-05', 1, NULL, 'NELIDA TORIBIO FERNÁNDEZ', '995371560', 1),
(149, 1, '79692449', 'LÍAN ARMANDO', 'TAPARA', 'CHURAMPI', '2016-05-28', 1, NULL, 'KATHERINE MARGARITA CHURAMPI GÓMEZ', '976434557', 1),
(150, 1, '90029105', 'IVANA MELANY', 'VALERO', 'PALACIOS', '2017-02-12', 2, NULL, 'MILY NIDIA PALACIOS QUINTO', '992016326', 1),
(151, 1, '79863870', 'BENJAMIN ALONSO', 'YANGALI', 'ZEVALLOS', '2016-08-28', 1, NULL, 'SUSANA LUZ ZEVALLOS HUAYCAMA', '925975878', 1),
(152, 1, '79275452', 'ADIEL ISAI', 'ALANYA', 'MIRANDA', '2015-09-04', 1, NULL, 'DELCY MIRANDA MUGURUZA', '943341592', 1),
(153, 1, '79317185', 'LIAM LIONEL', 'AQUINO', 'ALFARO', '2015-09-29', 1, NULL, 'LYLYAN ELYS ALFARO CAÑARI', '932390576', 1),
(154, 1, '81209979', 'YONGSU KIMBERLY', 'DE LA CRUZ', 'HUAMANI', '2014-08-19', 2, NULL, 'SONIA FELICIA HUAMANI OSCO', '955202013', 1),
(155, 1, '79577853', 'LEONEL', 'DE LA CRUZ', 'VARGAS', '2016-02-29', 1, NULL, 'EDITH VARGAS LUJAN', '956376994', 1),
(156, 1, '78986282', 'EDRICK DAYIRO', 'ESPINOZA', 'ROJAS', '2015-02-19', 1, NULL, 'ROSMERY ROJAS SALAZAR', '929314570', 1),
(157, 1, '79314464', 'LUCIANA', 'HUAMAN', 'ANCCASI', '2015-09-29', 2, NULL, 'MILAR MELIZA ANCCASI ESPINOZA', '915397035', 1),
(158, 1, '79154394', 'DYLAN LIAM', 'LAYME', 'RUIZ', '2015-05-27', 1, NULL, 'FIAMA BELEN RUIZ HURTADO', '', 1),
(159, 1, '79581595', 'ALEXA ARIANA', 'MALLQUI', 'ROMERO', '2016-03-20', 2, NULL, 'QUILIANA ROMERO VASQUEZ', '947019445', 1),
(160, 1, '79124737', 'YAREN XIOMARA', 'MILLAN', 'BRAVO', '2015-05-25', 2, NULL, 'YESICA BRAVO GARCÍA', '928381254', 1),
(161, 1, '62643857', 'JEANFRANCO JHIRE', 'PALOMINO', 'HORNA', '2010-06-07', 1, NULL, 'KELLY DEL PILAR HORNA TORRES', '985961257', 1),
(162, 1, '79229204', 'ASHIRA GRISEL', 'PRUDENCIO', 'RIOS', '2015-07-26', 2, NULL, 'OLGA RIOS INGA', '916583536', 1),
(163, 1, '79244532', 'SAMY SHULLA', 'RAMOS', 'TAPIA', '2015-08-12', 2, NULL, 'ROCÍO DEL PILAR TAPIA ORTIZ', '969394172', 1),
(164, 1, '79495437', 'VALENTINA ESTEFANY', 'ROJAS', 'TICLLACURI', '2016-01-26', 2, NULL, 'ELISA BETTY TICLLACURI PECCA', '939421232', 1),
(165, 1, '79222497', 'BRITTANY ALIZE', 'SANABRIA', 'MUÑOZ', '2015-07-30', 2, NULL, 'NORLY NANCY MUÑOZ REFULIO', '916995966', 1),
(166, 1, '79455532', 'VICTORIA SADITH', 'SANABRIA', 'PEINADO', '2015-12-30', 2, NULL, 'JULISA PEINADO BUTISTA', '963528977', 1),
(167, 1, '79085302', 'ABIGAIL ARIADNE', 'TORIBIO', 'BUSTAMANTE', '2015-04-27', 2, NULL, 'BUSTAMANTE PONCE YANETH SOLEDAD', '968902795', 1),
(168, 1, '79134148', 'SHAYURI DEYSI', 'MAMANI', 'SALVADOR', '2015-06-01', 2, NULL, 'ROSMERY JASMILA', '941761700', 1),
(169, 1, '79276666', 'ALEXA XIMENA', 'BEJARANO', 'CONDE', '2015-09-05', 2, NULL, 'CONDE SALOME KATYY ROCY', '988671386', 1),
(170, 1, '78712738', 'STYVENS KEYLOR', 'ALDAVE', 'CRISOSTOMO', '2014-08-17', 1, NULL, 'MARIBEL TEODORA CRISOSTOMO NEYRA', '995588401', 1),
(171, 1, '78950308', 'JAMES DANILO', 'CAMAVILCA', 'TORIBIO', '2015-01-24', 1, NULL, 'ROXANA CELIA TORIBIO FERNANDEZ', '958244248', 1),
(172, 1, '78782034', 'JHADE JHOANA', 'CISNEROS', 'ROMERO', '2014-09-11', 2, NULL, 'SORAIDA ROMERO ROJAS', '931516478', 1),
(173, 1, '79045644', 'MILAGROS GERALDINE', 'COPARI', 'PEREZ', '2015-03-18', 2, NULL, 'MARGAR ESTHER PEREZ NUÑEZ', '902196968', 1),
(174, 1, '78880575', 'KATSUMY YANDY', 'GRANADOS', 'ARREDONDO', '2014-12-14', 2, NULL, 'ARREDONDO CONDOR CELESTINA HILDA', '932285647', 1),
(175, 1, '78557946', 'ALISSON CAMILA', 'HINOSTROZA', 'SOSA', '2014-04-15', 2, NULL, 'GABRIELA PILAR SOSA ZEVALLOS', '900451746', 1),
(176, 1, '78682453', 'AMY LUANA CELESTE', 'HUAMAN', 'CARHUAPOMA', '2014-07-25', 2, NULL, 'SANDY CAHUAPOMA RAMOS', '969941878', 1),
(177, 1, '78945013', 'STEFANY LUANNA', 'PAREDES', 'SARAVIA', '2015-01-21', 2, NULL, 'DORIS ISABEL SARAVIA VENEGAS', '947017861', 1),
(178, 1, '78995364', 'JHAZURY MADDELEY', 'PEÑA', 'SOLIER', '2015-03-01', 2, NULL, 'KEMNER SOLIER SALOMÉ', '912447980', 1),
(179, 1, '79005518', 'CIELO NAJHELY', 'PIÑAS', 'QUISPE', '2015-02-14', 2, NULL, 'NOEMI YAMILE QUISPE OSORIO', '925919748', 1),
(180, 1, '78627402', 'AZUMY ESPERANZA', 'QUISPE', 'VILCHEZ', '2014-05-16', 2, NULL, 'JUDITH VILCHEZ BRUNO', '976734598', 1),
(181, 1, '78874482', 'SMITH SIVERTH', 'RODRIGO', 'MEZA', '2014-11-27', 1, NULL, 'CINTHYA MARGOTH MEZA INGA', '978194418', 1),
(182, 1, '78889113', 'ESTEBAN ADRIAN', 'TELLO', 'HUAMAN', '2014-12-09', 1, NULL, 'MARIELA HUAMAN APOLINARIO', '964552810', 1),
(183, 1, '79000894', 'DAYANA KRISTEL', 'VALERO', 'PALACIOS', '2015-02-24', 2, NULL, 'MILY NIDIA PALACIOS QUINTO', '992016326', 1),
(184, 1, '81209662', 'PAULO JOSEPH', 'VASQUEZ', 'GARCIA', '2025-04-26', 1, NULL, 'GUADALUPE IRENE GARCIA AMANZO', '952100560', 1),
(185, 1, '78986807', 'CRISTHOPER IAN', 'VILLAR', 'ARROYO', '2015-02-17', 1, NULL, 'IRIS SOLEDAD ARROYO UNCHUPAICO', '941343735', 1),
(186, 1, '79006841', 'JOSÉ MANUEL', 'YABAR', 'RAMOS', '2014-12-24', 1, NULL, 'KATHERINE FIORELA RAMOS SIUCE', '936139333', 1),
(187, 1, '78792144', 'POOL WALTER SNEIJDER', 'MONTAÑÉS', 'ZANABRIA', '2014-08-20', 1, NULL, 'ANA PAULA ZANABRIA HUAMANSUPA', '984538479', 1),
(188, 1, '78576058', 'NAHUM JESÚS', 'ARMAS', 'DE LA CRUZ', '2014-03-23', 1, NULL, 'ELIZABETH MILAGROS DE LA CRUZ SOTOMAYOR', '932304211', 1),
(189, 1, '81040477', 'SAMIRA VALESKA', 'CAISAHUANA', 'ROSADO', '2013-05-06', 2, NULL, 'SENIA JENNY ROSADO ROJAS', '952876296', 1),
(190, 1, '81546024', 'MATHIAS VALENTINO', 'CCANTO', 'CRISOSTOMO', '2013-10-28', 1, NULL, 'JENY CRISOSTOMO NEYRA', '954966070', 1),
(191, 1, '81198677', 'CATTLEYA JANDIRA', 'CÓNDOR', 'PAREDES', '2013-09-13', 2, NULL, 'MAGALI PAREDES ZENAZOA', '993295966', 1),
(192, 1, '81166242', 'LUIS FELIPE', 'CÓNGORA', 'MEZA', '2013-06-10', 1, NULL, 'VILMA MEZA INGA', '966192875', 1),
(193, 1, '63530966', 'JEFFERSON ALEXANDER', 'ESPINOZA', 'MIGUEL', '2013-06-29', 1, NULL, 'DIANA LILIANA MIGUEL PALOMINO', '993561447', 1),
(194, 1, '78309512', 'JOSUÉ JERSON', 'GRADOS', 'UGARTE', '2013-10-24', 1, NULL, 'BEATRIZ UGARTE JAVIER', '941183386', 1),
(195, 1, '81181303', 'AXEL RAÚL DOMINIC', 'HUANCA', 'MAGRO', '2013-12-30', 1, NULL, 'MIDORI ANTONIA MAGRO PORRAS', '927084129', 1),
(196, 1, '78479507', 'JEANPIERO CIRILO', 'MALDONADO', 'QUISPE', '2014-02-21', 1, NULL, 'QUISPE OSORIO ERIKA NOELIA', '916232138', 1),
(197, 1, '78385876', 'OSCAR JESÚS', 'MALPARTIDA', 'VALVERDE', '2013-12-29', 1, NULL, 'CECILIA PAOLA VALVERDE ARIAS', '950909947', 1),
(198, 1, '78510790', 'JAIME AARÓN NISAÉ', 'PACO', 'ALLASI', '2014-03-22', 1, NULL, 'YANIRA SHEIDA ALLASI PACCA', '988903252', 1),
(199, 1, '78343969', 'EVAN FRANKO', 'PALACIOS', 'HUAMAN', '2013-10-08', 1, NULL, 'CARMEN ROSA HUAMAN MUÑOZ', '998599594', 1),
(200, 1, '78259854', 'BRYANA NICOLE', 'PAYTAN', 'CARHUAPOMA', '2013-09-17', 2, NULL, 'ALICIA CARHUAPOMA RAMOS', '912979705', 1),
(201, 1, '81174572', 'XIOMARA NICOL', 'PÉREZ', 'CANO', '2013-07-07', 2, NULL, 'MERCEDES CANO CAMPOS', '972939081', 1),
(202, 1, '78525380', 'LEONARD EYAL', 'PEREZ', 'APOLINARIO', '2014-03-20', 1, NULL, 'JESICA LUZ APOLINARIO PEREZ', '976671339', 1),
(203, 1, '81174209', 'ADRIANA SANDRA', 'QUISPE', 'GARCÍA', '2025-05-20', 2, NULL, 'ELIZABETH GARCÍA HUAYNALAYA', '917697118', 1),
(204, 1, '78306195', 'THAIT BELÉN', 'RODRIGO', 'QUINTO', '2013-10-20', 2, NULL, 'BERTHA QUINTO', '964200997', 1),
(205, 1, '78470915', 'VANESSA NICOL', 'ROMERO', 'DE LA CRUZ', '2014-02-17', 2, NULL, 'INELDA DE LA CRUZ QUINTANILLA', '962636662', 1),
(206, 1, '81181385', 'VALERIA ZIA', 'TORRES', 'ORTIZ', '2014-01-23', 2, NULL, 'KAREN IVONNE ORTIZ PACHECO', '921908513', 1),
(207, 1, '78416969', 'ANGELA YAMILE', 'YUPANQUI', 'RICALDI', '2014-01-19', 2, NULL, 'LUZMILA MIRELLY RICALDI TORRES', '941161673', 1),
(208, 1, '81040387', 'ROBERTH ANDRE', 'YURIVILCA', 'LUNA', '2013-04-25', 1, NULL, 'TESSY LUNA ALEJO', '947577711', 1),
(209, 1, '78370996', 'KENDRA DAYANA', 'ZUÑIGA', 'GUTIERREZ', '2013-12-07', 2, NULL, 'ROSARIO PILAR GUTIERREZ SOCUALAYA', '', 1);

-- --------------------------------------------------------

--
-- Estructura de tabla para la tabla `grado`
--

DROP TABLE IF EXISTS `grado`;
CREATE TABLE IF NOT EXISTS `grado` (
  `id_grado` bigint NOT NULL AUTO_INCREMENT,
  `desc_grado` varchar(50) CHARACTER SET utf8mb4 COLLATE utf8mb4_spanish_ci NOT NULL,
  `vigente` tinyint NOT NULL DEFAULT '1',
  PRIMARY KEY (`id_grado`)
) ENGINE=InnoDB AUTO_INCREMENT=10 DEFAULT CHARSET=utf8mb4 COLLATE=utf8mb4_spanish_ci;

--
-- Volcado de datos para la tabla `grado`
--

INSERT INTO `grado` (`id_grado`, `desc_grado`, `vigente`) VALUES
(1, '3 AÑOS', 1),
(2, '4 AÑOS', 1),
(3, '5 AÑOS', 1),
(4, 'PRIMERO', 1),
(5, 'SEGUNDO', 1),
(6, 'TERCERO', 1),
(7, 'CUARTO', 1),
(8, 'QUINTO', 1),
(9, 'SEXTO', 1);

-- --------------------------------------------------------

--
-- Estructura de tabla para la tabla `matricula`
--

DROP TABLE IF EXISTS `matricula`;
CREATE TABLE IF NOT EXISTS `matricula` (
  `id_matricula` bigint NOT NULL AUTO_INCREMENT,
  `id_estudiante` bigint NOT NULL,
  `id_aulalectiva` bigint NOT NULL,
  `fecha_matricula` datetime NOT NULL DEFAULT CURRENT_TIMESTAMP,
  `id_tipomatricula` bigint NOT NULL,
  `estado` tinyint NOT NULL DEFAULT '1',
  `vigente` tinyint NOT NULL DEFAULT '1',
  PRIMARY KEY (`id_matricula`),
  KEY `id_estudiante` (`id_estudiante`),
  KEY `id_aulalectiva` (`id_aulalectiva`),
  KEY `id_tipomatricula` (`id_tipomatricula`)
) ENGINE=InnoDB DEFAULT CHARSET=utf8mb4 COLLATE=utf8mb4_spanish_ci;

-- --------------------------------------------------------

--
-- Estructura de tabla para la tabla `menu`
--

DROP TABLE IF EXISTS `menu`;
CREATE TABLE IF NOT EXISTS `menu` (
  `id_menu` bigint NOT NULL AUTO_INCREMENT,
  `titulo_menu` varchar(100) CHARACTER SET utf8mb4 COLLATE utf8mb4_spanish_ci NOT NULL,
  `path_menu` varchar(255) CHARACTER SET utf8mb4 COLLATE utf8mb4_spanish_ci DEFAULT NULL,
  `id_menupadre` bigint DEFAULT '0',
  `icon_menu` varchar(50) CHARACTER SET utf8mb4 COLLATE utf8mb4_spanish_ci DEFAULT NULL,
  `orden_menu` int NOT NULL,
  `vigente` tinyint DEFAULT '1',
  PRIMARY KEY (`id_menu`)
) ENGINE=InnoDB AUTO_INCREMENT=15 DEFAULT CHARSET=utf8mb4 COLLATE=utf8mb4_spanish_ci;

--
-- Volcado de datos para la tabla `menu`
--

INSERT INTO `menu` (`id_menu`, `titulo_menu`, `path_menu`, `id_menupadre`, `icon_menu`, `orden_menu`, `vigente`) VALUES
(1, 'Dashboard', 'home', 0, 'bi bi-bar-chart-line-fill', 1, 1),
(2, 'Asistencia', '', 0, 'bi bi-calendar2-check-fill', 2, 0),
(3, 'Gestión académica', '', 0, 'bi bi-building-fill-x', 3, 1),
(4, 'Administración', '', 0, 'bi bi-gear-fill', 9999, 1),
(5, 'Marcar asistencia', 'insertatten', 3, 'bi bi-qr-code-scan', 34, 1),
(6, 'Historial de asistencias', 'historyatten', 3, 'bi bi-clipboard-check-fill', 35, 1),
(7, 'Estudiantes', 'student', 3, 'bi bi-mortarboard-fill', 31, 1),
(8, 'Aulas', 'classroom', 3, 'bi bi-person-workspace', 32, 1),
(9, 'Docentes', 'teacher', 3, 'bi bi-person-rolodex', 33, 1),
(10, 'Usuarios', 'user', 4, 'bi bi-person-fill', 99991, 1),
(11, 'Perfiles', 'profile', 4, 'bi bi-person-badge-fill', 99992, 1),
(12, 'Calendario académico', '', 0, 'bi bi-calendar-fill', 4, 1),
(13, 'Año Lectivo', 'schoolyear', 12, 'bi bi-calendar3', 41, 1),
(14, 'Días no lectivos', 'holidays', 12, 'bi bi-calendar-x', 42, 1);

-- --------------------------------------------------------

--
-- Estructura de tabla para la tabla `menubyperfil`
--

DROP TABLE IF EXISTS `menubyperfil`;
CREATE TABLE IF NOT EXISTS `menubyperfil` (
  `id_menubyperfil` bigint NOT NULL AUTO_INCREMENT,
  `id_menu` bigint NOT NULL,
  `id_perfil` bigint NOT NULL,
  `vigente` tinyint DEFAULT '1',
  PRIMARY KEY (`id_menubyperfil`),
  KEY `id_perfil` (`id_perfil`),
  KEY `id_menu` (`id_menu`)
) ENGINE=InnoDB AUTO_INCREMENT=20 DEFAULT CHARSET=utf8mb4 COLLATE=utf8mb4_spanish_ci;

--
-- Volcado de datos para la tabla `menubyperfil`
--

INSERT INTO `menubyperfil` (`id_menubyperfil`, `id_menu`, `id_perfil`, `vigente`) VALUES
(1, 1, 1, 1),
(2, 2, 1, 1),
(3, 3, 1, 1),
(4, 4, 1, 1),
(5, 5, 1, 1),
(6, 6, 1, 1),
(7, 7, 1, 1),
(8, 8, 1, 1),
(9, 9, 1, 1),
(10, 10, 1, 1),
(11, 11, 1, 1),
(12, 1, 2, 1),
(13, 2, 2, 1),
(14, 5, 2, 1),
(15, 12, 1, 1),
(16, 13, 1, 1),
(17, 14, 1, 1),
(18, 2, 3, 1),
(19, 6, 3, 1);

-- --------------------------------------------------------

--
-- Estructura de tabla para la tabla `nivel`
--

DROP TABLE IF EXISTS `nivel`;
CREATE TABLE IF NOT EXISTS `nivel` (
  `id_nivel` bigint NOT NULL AUTO_INCREMENT,
  `desc_nivel` varchar(50) CHARACTER SET utf8mb4 COLLATE utf8mb4_spanish_ci NOT NULL,
  `vigente` tinyint NOT NULL DEFAULT '1',
  PRIMARY KEY (`id_nivel`)
) ENGINE=InnoDB AUTO_INCREMENT=3 DEFAULT CHARSET=utf8mb4 COLLATE=utf8mb4_spanish_ci;

--
-- Volcado de datos para la tabla `nivel`
--

INSERT INTO `nivel` (`id_nivel`, `desc_nivel`, `vigente`) VALUES
(1, 'Inicial', 1),
(2, 'Primaria', 1);

-- --------------------------------------------------------

--
-- Estructura de tabla para la tabla `perfil`
--

DROP TABLE IF EXISTS `perfil`;
CREATE TABLE IF NOT EXISTS `perfil` (
  `id_perfil` bigint NOT NULL AUTO_INCREMENT,
  `nom_perfil` varchar(100) CHARACTER SET utf8mb4 COLLATE utf8mb4_spanish_ci NOT NULL,
  `desc_perfil` varchar(255) CHARACTER SET utf8mb4 COLLATE utf8mb4_spanish_ci NOT NULL,
  `estado` tinyint NOT NULL DEFAULT '1',
  `vigente` tinyint NOT NULL DEFAULT '1',
  PRIMARY KEY (`id_perfil`)
) ENGINE=InnoDB AUTO_INCREMENT=4 DEFAULT CHARSET=utf8mb4 COLLATE=utf8mb4_spanish_ci;

--
-- Volcado de datos para la tabla `perfil`
--

INSERT INTO `perfil` (`id_perfil`, `nom_perfil`, `desc_perfil`, `estado`, `vigente`) VALUES
(1, 'ADMINISTRADOR', 'Administrador del sistema', 1, 1),
(2, 'COORDINADOR', 'Coordinador encargado', 1, 1),
(3, 'docente', 'docente', 1, 1);

-- --------------------------------------------------------

--
-- Estructura de tabla para la tabla `periodo`
--

DROP TABLE IF EXISTS `periodo`;
CREATE TABLE IF NOT EXISTS `periodo` (
  `id_periodo` bigint NOT NULL AUTO_INCREMENT,
  `id_aniolectivo` bigint NOT NULL,
  `desc_periodo` varchar(50) CHARACTER SET utf8mb4 COLLATE utf8mb4_spanish_ci NOT NULL,
  `fecha_inicio` date DEFAULT NULL,
  `fecha_fin` date DEFAULT NULL,
  `orden_periodo` int NOT NULL,
  `estado` tinyint NOT NULL DEFAULT '0',
  `vigente` tinyint NOT NULL DEFAULT '1',
  PRIMARY KEY (`id_periodo`),
  KEY `id_aniolectivo` (`id_aniolectivo`)
) ENGINE=InnoDB AUTO_INCREMENT=11 DEFAULT CHARSET=utf8mb4 COLLATE=utf8mb4_spanish_ci;

--
-- Volcado de datos para la tabla `periodo`
--

INSERT INTO `periodo` (`id_periodo`, `id_aniolectivo`, `desc_periodo`, `fecha_inicio`, `fecha_fin`, `orden_periodo`, `estado`, `vigente`) VALUES
(1, 1, 'I Bimestre', '2026-03-09', '2026-05-29', 1, 1, 1),
(2, 1, 'II Bimestre', '2026-06-01', '2026-08-28', 2, 1, 1),
(3, 1, 'III Bimestre', '2026-08-31', '2026-10-30', 3, 1, 1),
(4, 1, 'IV Bimestre', '2026-11-02', '2026-12-18', 4, 1, 1),
(5, 2, 'I Trimestre', NULL, NULL, 1, 0, 1),
(6, 2, 'II Trimestre', NULL, NULL, 2, 0, 1),
(7, 2, 'III Trimestre', NULL, NULL, 3, 0, 1);

-- --------------------------------------------------------

--
-- Estructura de tabla para la tabla `usuario`
--

DROP TABLE IF EXISTS `usuario`;
CREATE TABLE IF NOT EXISTS `usuario` (
  `id_usuario` bigint NOT NULL AUTO_INCREMENT,
  `cod_usuario` varchar(20) CHARACTER SET utf8mb4 COLLATE utf8mb4_spanish_ci NOT NULL,
  `nom_usuario` varchar(150) CHARACTER SET utf8mb4 COLLATE utf8mb4_spanish_ci NOT NULL,
  `usu_usuario` varchar(50) CHARACTER SET utf8mb4 COLLATE utf8mb4_spanish_ci NOT NULL,
  `pass_usuario` varchar(255) CHARACTER SET utf8mb4 COLLATE utf8mb4_spanish_ci NOT NULL,
  `tel_usuario` varchar(20) CHARACTER SET utf8mb4 COLLATE utf8mb4_spanish_ci NOT NULL,
  `email_usuario` varchar(100) CHARACTER SET utf8mb4 COLLATE utf8mb4_spanish_ci NOT NULL,
  `dir_usuario` varchar(255) CHARACTER SET utf8mb4 COLLATE utf8mb4_spanish_ci NOT NULL,
  `id_perfil` bigint NOT NULL,
  `estado` tinyint NOT NULL DEFAULT '1',
  `vigente` tinyint DEFAULT '1',
  `fecha_registro` datetime NOT NULL DEFAULT CURRENT_TIMESTAMP,
  PRIMARY KEY (`id_usuario`),
  KEY `id_perfil` (`id_perfil`)
) ENGINE=InnoDB AUTO_INCREMENT=4 DEFAULT CHARSET=utf8mb4 COLLATE=utf8mb4_spanish_ci;

--
-- Volcado de datos para la tabla `usuario`
--

INSERT INTO `usuario` (`id_usuario`, `cod_usuario`, `nom_usuario`, `usu_usuario`, `pass_usuario`, `tel_usuario`, `email_usuario`, `dir_usuario`, `id_perfil`, `estado`, `vigente`, `fecha_registro`) VALUES
(1, '11111111', 'Administrador', 'admin', '$2y$10$/Qd53BYg/jDy6PI7U7LwFOr5M.KJkLOOqmHWeMGo87Bd.DJPgrpyq', '964939331', 'admin@gmail.com', 'Av. Circunvalación N°429 El Tambo', 1, 1, 1, '2026-02-13 14:24:28'),
(2, '74499797', 'brayam', 'brayam123', 'aaaaa', '918474850', 'brayam@gmail.com', 'pasaje los alisos h-27', 1, 0, 0, '2026-02-21 13:45:45'),
(3, '4444444444', 'prueba', 'prueba', '$2y$10$hk8CRHE6Q8Nw8hJhfJXK0OD/ZhcmYJO8uWHExYq0j51EfkqR4kv06', '9999999999', 'prueba@gmail.com', 'direccion de prueba', 2, 1, 1, '2026-02-21 14:53:24');

--
-- Restricciones para tablas volcadas
--

--
-- Filtros para la tabla `asistencia`
--
ALTER TABLE `asistencia`
  ADD CONSTRAINT `asistencia_ibfk_1` FOREIGN KEY (`id_matricula`) REFERENCES `matricula` (`id_matricula`) ON DELETE CASCADE ON UPDATE CASCADE;

--
-- Filtros para la tabla `aula`
--
ALTER TABLE `aula`
  ADD CONSTRAINT `aula_ibfk_1` FOREIGN KEY (`id_grado`) REFERENCES `grado` (`id_grado`) ON DELETE CASCADE ON UPDATE CASCADE,
  ADD CONSTRAINT `aula_ibfk_2` FOREIGN KEY (`id_nivel`) REFERENCES `nivel` (`id_nivel`) ON DELETE CASCADE ON UPDATE CASCADE;

--
-- Filtros para la tabla `aulalectiva`
--
ALTER TABLE `aulalectiva`
  ADD CONSTRAINT `aulalectiva_ibfk_1` FOREIGN KEY (`id_docente`) REFERENCES `docente` (`id_docente`) ON DELETE CASCADE ON UPDATE CASCADE,
  ADD CONSTRAINT `aulalectiva_ibfk_2` FOREIGN KEY (`id_aula`) REFERENCES `aula` (`id_aula`) ON DELETE CASCADE ON UPDATE CASCADE,
  ADD CONSTRAINT `aulalectiva_ibfk_3` FOREIGN KEY (`id_aniolectivo`) REFERENCES `aniolectivo` (`id_aniolectivo`) ON DELETE CASCADE ON UPDATE CASCADE;

--
-- Filtros para la tabla `matricula`
--
ALTER TABLE `matricula`
  ADD CONSTRAINT `matricula_ibfk_1` FOREIGN KEY (`id_estudiante`) REFERENCES `estudiante` (`id_estudiante`) ON DELETE CASCADE ON UPDATE CASCADE,
  ADD CONSTRAINT `matricula_ibfk_2` FOREIGN KEY (`id_aulalectiva`) REFERENCES `aulalectiva` (`id_aulalectiva`) ON DELETE CASCADE ON UPDATE CASCADE;

--
-- Filtros para la tabla `menubyperfil`
--
ALTER TABLE `menubyperfil`
  ADD CONSTRAINT `menubyperfil_ibfk_1` FOREIGN KEY (`id_perfil`) REFERENCES `perfil` (`id_perfil`) ON DELETE CASCADE ON UPDATE CASCADE,
  ADD CONSTRAINT `menubyperfil_ibfk_2` FOREIGN KEY (`id_menu`) REFERENCES `menu` (`id_menu`) ON DELETE CASCADE ON UPDATE CASCADE;

--
-- Filtros para la tabla `periodo`
--
ALTER TABLE `periodo`
  ADD CONSTRAINT `periodo_ibfk_1` FOREIGN KEY (`id_aniolectivo`) REFERENCES `aniolectivo` (`id_aniolectivo`) ON DELETE CASCADE ON UPDATE CASCADE;

--
-- Filtros para la tabla `usuario`
--
ALTER TABLE `usuario`
  ADD CONSTRAINT `usuario_ibfk_1` FOREIGN KEY (`id_perfil`) REFERENCES `perfil` (`id_perfil`) ON DELETE CASCADE ON UPDATE CASCADE;
COMMIT;

/*!40101 SET CHARACTER_SET_CLIENT=@OLD_CHARACTER_SET_CLIENT */;
/*!40101 SET CHARACTER_SET_RESULTS=@OLD_CHARACTER_SET_RESULTS */;
/*!40101 SET COLLATION_CONNECTION=@OLD_COLLATION_CONNECTION */;
